Páginas principais,Cliques,Impressões,CTR,Posição
https://cupins.eco.br/desentupidora-em-capela-do-alto/,2,52,0.0385,51.04
https://cupins.eco.br/blog/sinais-de-cupins-em-arvores-como-identificar-e-tratar-a-infestacao/,2,43,0.04650000000000001,12.77
https://cupins.eco.br/deratizacao/,2,32,0.0625,5.94
https://cupins.eco.br/blog/ciclo-de-vida-do-cupim-guia/,1,184,0.0054,9.23
https://cupins.eco.br/blog/coco-de-cupim-identificacao-e-limpeza/,1,172,0.0058,7.23
https://cupins.eco.br/ninho-de-rato/,1,67,0.0149,7.88
https://cupins.eco.br/dedetizadora-de-barata-na-zona-oeste/,1,20,0.05,72.9
https://cupins.eco.br/de-onde-vem-os-cupins/,1,14,0.07139999999999999,7.07
https://cupins.eco.br/dedetizadora-em-taubate/,1,12,0.0833,19.67
https://cupins.eco.br/blog/o-que-mata-cupim-de-arvore/,1,10,0.1,16.5
https://cupins.eco.br/blog/como-combater-infestacao-de-cupins-solucoes-eficazes-com-a-combate-ambiental/,1,9,0.11109999999999999,40.0
https://cupins.eco.br/desentupidora-em-sao-jose-dos-campos/,1,8,0.125,48.62
https://cupins.eco.br/dedetizadora-de-barata-na-zona-norte/,1,8,0.125,54.12
https://cupins.eco.br/descupinizacao-em-sao-vicente/,1,6,0.16670000000000001,17.5
https://cupins.eco.br/rei-cupins/,1,3,0.3333,6.0
https://cupins.eco.br/desentupidora-em-aracoiaba-da-serra/,1,3,0.3333,26.33
https://cupins.eco.br/desratizacao-na-lapa/,1,2,0.5,14.5
https://cupins.eco.br/descupinizacao/regioes/,0,278,0.0,55.31
https://cupins.eco.br/,0,128,0.0,27.73
https://cupins.eco.br/dedetizacao/regioes/,0,122,0.0,48.09
https://cupins.eco.br/deratizacao/regioes/,0,97,0.0,75.36
https://cupins.eco.br/blog/veneno-para-cupim-de-solo/,0,87,0.0,9.09
https://cupins.eco.br/blog/besouro-de-madeira-xilofago/,0,78,0.0,8.87
https://cupins.eco.br/o-que-fazer-para-acabar-com-cupim-de-madeira/,0,63,0.0,68.71
https://cupins.eco.br/rainhas-de-cupins/,0,48,0.0,7.85
https://cupins.eco.br/blog/cupins-de-ferro/,0,46,0.0,10.43
https://cupins.eco.br/reproducao-de-um-rato/,0,45,0.0,8.84
https://cupins.eco.br/blog/acabar-com-cupim-na-madeira/,0,45,0.0,27.31
https://cupins.eco.br/blog/deratizacao/,0,39,0.0,27.23
https://cupins.eco.br/blog/broca-de-madeira-vs-cupim/,0,38,0.0,11.11
https://cupins.eco.br/blog/cupim-no-guarda-roupa/,0,32,0.0,8.78
https://cupins.eco.br/blog/,0,31,0.0,8.77
https://cupins.eco.br/cupinzeiro/,0,31,0.0,9.03
https://cupins.eco.br/blog/desratizacao-quanto-tempo-dura/,0,31,0.0,11.03
https://cupins.eco.br/blog/sinais-de-cupim-em-moveis-e-estruturas/,0,31,0.0,12.13
https://cupins.eco.br/privacidade,0,26,0.0,3.85
https://cupins.eco.br/blog/tipos-de-cupim-de-madeira/,0,26,0.0,7.81
https://cupins.eco.br/descupinizacao/,0,24,0.0,3.71
https://cupins.eco.br/por-que-os-cupins-comem-madeira/,0,24,0.0,9.08
https://cupins.eco.br/a-barata-americana-voa/,0,23,0.0,8.61
https://cupins.eco.br/ratazana/,0,23,0.0,8.61
https://cupins.eco.br/dedetizacao/,0,23,0.0,11.26
https://cupins.eco.br/servico/,0,23,0.0,15.13
https://cupins.eco.br/o-que-e-bom-para-matar-cupim-de-solo-em-osasco/,0,23,0.0,54.04
https://cupins.eco.br/sanitizacao/,0,21,0.0,7.14
https://cupins.eco.br/blog/tipos-de-cupim-de-parede/,0,21,0.0,7.95
https://cupins.eco.br/termos/,0,21,0.0,9.43
https://cupins.eco.br/cupim-de-madeira-seca/,0,21,0.0,64.33
https://cupins.eco.br/madeira-seca-cupins-cupim-madeira-seca-parasitas/,0,21,0.0,76.43
https://cupins.eco.br/contato/,0,19,0.0,8.11
https://cupins.eco.br/blog/veneno-matar-cupins/,0,17,0.0,25.94
https://cupins.eco.br/contato,0,16,0.0,8.38
https://cupins.eco.br/significado-de-ratazana/,0,16,0.0,31.25
https://cupins.eco.br/excrementos-de-cupim/,0,15,0.0,7.6
https://cupins.eco.br/tipos-de-raticidas-e-rodenticidas-anticoagulantes/,0,15,0.0,22.87
https://cupins.eco.br/dedetizadora-de-barata-na-zona-sul/,0,15,0.0,83.0
https://cupins.eco.br/blog/controle-pragas-xilofagas-guia/,0,14,0.0,9.57
https://cupins.eco.br/onde-os-ratos-do-telhado-vivem/,0,13,0.0,9.54
https://cupins.eco.br/blog/cupim-com-asa-em-casa/,0,13,0.0,47.31
https://cupins.eco.br/deratizacao,0,12,0.0,4.33
https://cupins.eco.br/blog/quais-riscos-os-cupins-oferecem-a-objetos-de-madeira/,0,12,0.0,12.33
https://cupins.eco.br/controle-de-mosquitos/,0,12,0.0,23.58
https://cupins.eco.br/blog/dicas-essenciais-para-controlar-as-baratas-e-outras-pragas-em-sua-casa/,0,12,0.0,54.08
https://cupins.eco.br/blog/tecnicas-de-controle-de-pragas-urbanas/,0,12,0.0,80.33
https://cupins.eco.br/servico,0,11,0.0,8.82
https://cupins.eco.br/blog/a-rainha-dos-cupins/,0,11,0.0,10.45
https://cupins.eco.br/cupim-de-madeira/,0,11,0.0,24.82
https://cupins.eco.br/contratos-empresariais/,0,11,0.0,26.73
https://cupins.eco.br/blog/deratizacao,0,11,0.0,36.36
https://cupins.eco.br/o-que-os-cupins-parecem/,0,11,0.0,39.73
https://cupins.eco.br/especies-e-tipos-de-baratas/,0,11,0.0,55.82
https://cupins.eco.br/dedetizadora-de-ratos-na-zona-norte/,0,11,0.0,77.18
https://cupins.eco.br/blog/saiba-mais-sobre-o-custo-e-a-duracao-da-desratizacao/,0,10,0.0,26.6
https://cupins.eco.br/blog/os-cupins/,0,10,0.0,27.8
https://cupins.eco.br/tratamento-direto-de-madeira-para-cupins/,0,10,0.0,41.8
https://cupins.eco.br/quais-sao-os-diferentes-tipos-de-tratamentos-contra-cupins/,0,9,0.0,14.44
https://cupins.eco.br/controle-de-cupins-de-monticulo/,0,9,0.0,26.33
https://cupins.eco.br/dedetizadora-em-guaratingueta/,0,9,0.0,37.0
https://cupins.eco.br/como-lidar-com-uma-infestacao-de-cupins/,0,9,0.0,53.0
https://cupins.eco.br/ciclo-de-vida-da-barata-americana/,0,8,0.0,12.25
https://cupins.eco.br/melhor-veneno-para-cupim-em-campinas/,0,8,0.0,18.12
https://cupins.eco.br/dedetizacao-de-escorpiao-em-sao-paulo/,0,8,0.0,49.5
https://cupins.eco.br/blog/quais-doencas-os-ratos-podem-transmitir/,0,8,0.0,69.88
https://cupins.eco.br/blog/sanitizacao,0,7,0.0,16.43
https://cupins.eco.br/matar-cupim/,0,7,0.0,38.14
https://cupins.eco.br/que-madeira-os-cupins-nao-comem/,0,6,0.0,11.83
https://cupins.eco.br/descupinizacao-na-zona-oeste-de-sp/,0,6,0.0,25.0
https://cupins.eco.br/veneno-para-cupins-de-madeira-seca/,0,6,0.0,40.33
https://cupins.eco.br/empresa-de-dedetizacao-24-horas-em-guarulhos/,0,6,0.0,72.83
https://cupins.eco.br/desentupidora-em-jundiai/,0,6,0.0,94.0
https://cupins.eco.br/empresa-de-descupinizacao-24hs-em-sao-paulo/,0,5,0.0,5.2
https://cupins.eco.br/anatomia-das-baratas-americana/,0,5,0.0,9.8
https://cupins.eco.br/ninhos-de-cupim/,0,5,0.0,10.6
https://cupins.eco.br/blog/acabar-com-ratos/,0,5,0.0,17.0
https://cupins.eco.br/blog/cupins,0,5,0.0,30.8
https://cupins.eco.br/dedetizadora-na-zona-leste/,0,5,0.0,32.8
https://cupins.eco.br/dedetizadora-de-cupim-em-altos-de-vila-prudente/,0,5,0.0,38.2
https://cupins.eco.br/cupins-do-pacifico-de-madeira-seca/,0,5,0.0,43.2
https://cupins.eco.br/blog/como-acabar-com-os-cupins/,0,5,0.0,48.8
https://cupins.eco.br/blog/cupins/,0,5,0.0,49.6
https://cupins.eco.br/blog/metodos-utilizados-na-desratizacao/,0,5,0.0,49.6
https://cupins.eco.br/blog/qual-e-a-diferenca-entre-dedetizacao-e-desratizacao/,0,5,0.0,72.6
https://cupins.eco.br/descupinizacao-em-taubate/,0,4,0.0,4.5
https://cupins.eco.br/blog/cupins-em-sao-paulo/,0,4,0.0,7.0
https://cupins.eco.br/como-os-cupins-comem-madeira-rapida/,0,4,0.0,7.0
https://cupins.eco.br/como-matar-cupins-de-concreto/,0,4,0.0,8.25
https://cupins.eco.br/a-solucao-de-tratamento/,0,4,0.0,11.25
https://cupins.eco.br/blog/mitos-e-verdades-sobre-cupins/,0,4,0.0,16.5
https://cupins.eco.br/melhor-veneno-para-rato/,0,4,0.0,21.5
https://cupins.eco.br/dano-de-cupins-de-madeira/,0,4,0.0,27.5
https://cupins.eco.br/como-posso-prevenir-a-infestacao-de-cupins/,0,4,0.0,35.25
https://cupins.eco.br/sanitizacao/regioes/,0,4,0.0,40.25
https://cupins.eco.br/dedetizadora-em-atibaia/,0,4,0.0,54.25
https://cupins.eco.br/armadilhas-para-baratas/,0,3,0.0,6.67
https://cupins.eco.br/bomba-foggers/,0,3,0.0,9.33
https://cupins.eco.br/blog/prevencao-de-cupins-guia-completo/,0,3,0.0,19.67
https://cupins.eco.br/blog/danos-e-custos-infestacao-de-cupins/,0,3,0.0,21.33
https://cupins.eco.br/como-fazer-descupinizacao/,0,3,0.0,27.67
https://cupins.eco.br/dedetizacao-de-escorpioes-em-sao-paulo/,0,3,0.0,55.0
https://cupins.eco.br/descupinizacao-na-zona-sul-de-sp/,0,3,0.0,79.33
https://cupins.eco.br/blog/controle-de-pragas-urbanas/,0,3,0.0,88.67
https://cupins.eco.br/inspecao-gratuita-de-controle-de-pragas/,0,2,0.0,3.0
https://cupins.eco.br/blog/cupins-em-sorocaba/,0,2,0.0,4.5
https://cupins.eco.br/dedetizadora-de-pombos-em-indaiatuba/,0,2,0.0,6.0
https://cupins.eco.br/desratizacao-em-cotia/,0,2,0.0,7.0
https://cupins.eco.br/melhor-veneno-para-cupim-em-sp/,0,2,0.0,8.0
https://cupins.eco.br/os-cupins-voadores-sao-atraidos-pela-luz/,0,2,0.0,8.0
https://cupins.eco.br/dedetizadora-de-barata-na-vila-mariana/,0,2,0.0,9.0
https://cupins.eco.br/quanto-tempo-dura-um-cupins/,0,2,0.0,9.0
https://cupins.eco.br/blog/cupim-de-parede-de-cimento/,0,2,0.0,9.5
https://cupins.eco.br/blog/danos-a-arvores-e-casas/,0,2,0.0,9.5
https://cupins.eco.br/sinais-de-infestacao-de-termitas/,0,2,0.0,10.5
https://cupins.eco.br/sanitizacao-em-guarulhos/,0,2,0.0,11.0
https://cupins.eco.br/desratizacao-em-carapicuiba/,0,2,0.0,12.0
https://cupins.eco.br/blog/10-dicas-para-prevenir-infestacao-de-cupins/,0,2,0.0,13.0
https://cupins.eco.br/dedetizadora-em-cajamar/,0,2,0.0,13.0
https://cupins.eco.br/retirada-de-abelha/,0,2,0.0,13.5
https://cupins.eco.br/blog/page/3/,0,2,0.0,17.5
https://cupins.eco.br/desentupidora-em-sao-paulo/,0,2,0.0,18.0
https://cupins.eco.br/blog/como-prevenir-a-infestacao-de-pragas-urbanas/,0,2,0.0,19.5
https://cupins.eco.br/limpeza-de-caixa-de-gordura-em-vinhedo/,0,2,0.0,23.5
https://cupins.eco.br/blog/como-prevenir-infestacao-de-cupim/,0,2,0.0,34.5
https://cupins.eco.br/ratos-de-telhados/,0,2,0.0,42.5
https://cupins.eco.br/10-dicas-importantes-para-voce-realizar-o-controle-de-baratas/,0,2,0.0,43.5
https://cupins.eco.br/blog/dedetizacao/,0,2,0.0,44.5
https://cupins.eco.br/dedetizadora-de-carrapatos-em-sao-paulo/,0,2,0.0,57.0
https://cupins.eco.br/blog/medidas-preventivas-para-o-controle-de-roedores/,0,2,0.0,59.5
https://cupins.eco.br/dedetizadora-em-sorocaba/,0,2,0.0,78.0
https://cupins.eco.br/desentupidora-em-guarulhos/,0,2,0.0,98.5
https://cupins.eco.br/dedetizadora-de-pombos-em-cajamar/,0,1,0.0,3.0
https://cupins.eco.br/tratamento-termico-de-cupins/,0,1,0.0,3.0
https://cupins.eco.br/blog/cupins-em-taboao-da-serra/,0,1,0.0,4.0
https://cupins.eco.br/dedetizadora-de-pombos-em-santos/,0,1,0.0,5.0
https://cupins.eco.br/blog/cupim-de-madeira/,0,1,0.0,6.0
https://cupins.eco.br/descupinizacao,0,1,0.0,6.0
https://cupins.eco.br/dedetizadora-de-pombos-em-itu/,0,1,0.0,7.0
https://cupins.eco.br/desratizacao-na-zona-sul/,0,1,0.0,7.0
https://cupins.eco.br/tipos-de-tratamentos-cupins/,0,1,0.0,8.0
https://cupins.eco.br/10-dicas-uteis-para-se-livrar-de-baratas/,0,1,0.0,9.0
https://cupins.eco.br/blog/dicas-sobre-como-manter-seu-ambiente-livre-de-pragas/,0,1,0.0,9.0
https://cupins.eco.br/descupinizacao-na-zona-norte-de-sp/,0,1,0.0,9.0
https://cupins.eco.br/blog/riscos-e-danos-causados-por-cupins-como-proteger-seu-imovel-e-negocio/,0,1,0.0,10.0
https://cupins.eco.br/dedetizadora-de-cupim-na-baixada-santista/,0,1,0.0,10.0
https://cupins.eco.br/dedetizadora-de-pombos-em-sorocaba/,0,1,0.0,10.0
https://cupins.eco.br/empresa-de-dedetizacao-24-horas-em-santana-de-parnaiba/,0,1,0.0,10.0
https://cupins.eco.br/empresa-de-descupinizacao-24hs-em-carapicuiba/,0,1,0.0,10.0
https://cupins.eco.br/limpeza-de-caixa-de-gordura-em-guarulhos/,0,1,0.0,10.0
https://cupins.eco.br/blog/calendario-das-pragas/,0,1,0.0,11.0
https://cupins.eco.br/colonia-de-cupins/,0,1,0.0,11.0
https://cupins.eco.br/empresa-de-dedetizacao-24-horas-em-cotia/,0,1,0.0,11.0
https://cupins.eco.br/rato-camundongo/,0,1,0.0,11.0
https://cupins.eco.br/tipos-de-raticidas-e-rodenticidas-anticoagulantes,0,1,0.0,11.0
https://cupins.eco.br/sanitizacao-em-barueri/,0,1,0.0,14.0
https://cupins.eco.br/blog/page/6/,0,1,0.0,16.0
https://cupins.eco.br/sanitizacao-em-osasco/,0,1,0.0,16.0
https://cupins.eco.br/contratos-empresariais,0,1,0.0,17.0
https://cupins.eco.br/desentupidora-em-boituva/,0,1,0.0,17.0
https://cupins.eco.br/blog/como-escolher-a-dedetizadora-certa/,0,1,0.0,18.0
https://cupins.eco.br/dedetizadora-de-rato-na-penha/,0,1,0.0,20.0
https://cupins.eco.br/o-que-fazer-para-eliminar-baratas/,0,1,0.0,21.0
https://cupins.eco.br/controle-de-mosquitos,0,1,0.0,23.0
https://cupins.eco.br/caca-vazamento-em-praia-grande/,0,1,0.0,24.0
https://cupins.eco.br/dedetizadora-de-cupim-em-bom-retiro/,0,1,0.0,26.0
https://cupins.eco.br/dedetizadora-de-rato-na-cangaiba/,0,1,0.0,46.0
https://cupins.eco.br/tratamento-de-cupins-de-solo/,0,1,0.0,57.0
https://cupins.eco.br/dedetizacao/regioes,0,1,0.0,59.0
https://cupins.eco.br/dedetizadora-de-ratos-na-zona-oeste/,0,1,0.0,63.0
https://cupins.eco.br/desentupidora-de-pia-em-sao-paulo/,0,1,0.0,63.0
https://cupins.eco.br/blog/roedores-urbanos-ratos/,0,1,0.0,65.0
https://cupins.eco.br/limpeza-de-caixa-de-gordura-em-santana-de-parnaiba/,0,1,0.0,66.0
https://cupins.eco.br/dedetizadora-de-pulgas-em-sao-paulo/,0,1,0.0,73.0
https://cupins.eco.br/dedetizadora-de-rato-em-artur-alvim/,0,1,0.0,73.0
https://cupins.eco.br/limpeza-de-caixa-de-gordura-em-sao-paulo/,0,1,0.0,75.0
https://cupins.eco.br/sanitizacao-em-jundiai/,0,1,0.0,75.0
https://cupins.eco.br/dedetizadora-de-pombos-em-guarulhos/,0,1,0.0,85.0
https://cupins.eco.br/dedetizadora-em-guarulhos/,0,1,0.0,87.0
https://cupins.eco.br/limpeza-de-caixa-de-gordura-em-cajamar/,0,1,0.0,91.0
https://cupins.eco.br/limpeza-de-caixa-de-gordura-em-osasco/,0,1,0.0,94.0
https://cupins.eco.br/limpeza-de-caixa-de-gordura-em-paulinia/,0,1,0.0,96.0
https://cupins.eco.br/limpeza-de-caixa-de-gordura-em-sumare/,0,1,0.0,98.0
https://cupins.eco.br/empresa-de-dedetizacao-24-horas-em-cajamar/,0,1,0.0,99.0
https://cupins.eco.br/dedetizacao-com-produto-biologico-em-sao-paulo/,0,1,0.0,100.0
